{
	"format_version": "1.8.0",
	"animations": {
		"horizontal_square": {
			"animation_length": 0.9583,
			"bones": {
				"right_arm": {
					"rotation": {
						"0.0": {
							"vector": [-177.83083, -2.17514, -54.66547]
						},
						"0.0833": {
							"vector": [-177.21559, -1.30668, -74.66047]
						},
						"0.4167": {
							"vector": [-69.91568, 22.19446, -95.44928],
							"easing": "easeOutQuad"
						},
						"0.5417": {
							"vector": [-69.91568, 22.19446, -95.44928],
							"easing": "easeOutQuad"
						},
						"0.875": {
							"vector": [-215.6786, 15.81982, -83.67793]
						}
					}
				},
				"body": {
					"rotation": {
						"0.0": {
							"vector": [0, -57.5, 0],
							"easing": "linear"
						},
						"0.4583": {
							"vector": [0, -247.5, 0]
						},
						"0.625": {
							"vector": [0, -247.5, 0]
						},
						"0.75": {
							"vector": [0, -126.25, 0]
						},
						"0.875": {
							"vector": [0, -5, 0]
						},
						"0.9583": {
							"vector": [0, 0, 0]
						}
					},
					"position": {
						"0.0": {
							"vector": [0, 0, 0]
						},
						"0.0833": {
							"vector": [0, -2, 0]
						},
						"0.625": {
							"vector": [0, -2, 0]
						},
						"0.875": {
							"vector": [0, 0, 0]
						}
					}
				},
				"head": {
					"rotation": {
						"0.0": {
							"vector": [0, 50, 0],
							"easing": "linear"
						},
						"0.625": {
							"vector": [0, 50, 0]
						},
						"0.875": {
							"vector": [0, 5, 0]
						}
					}
				},
				"left_arm": {
					"rotation": {
						"0.0": {
							"vector": [8.43883, 6.34369, -38.38841],
							"easing": "linear"
						},
						"0.4167": {
							"vector": [10.46339, 1.30426, -8.73747]
						},
						"0.9583": {
							"vector": [-1.31437, 7.41283, -15.74841]
						}
					}
				},
				"rightItem": {
					"rotation": {
						"vector": [-95, 0, 0]
					},
					"position": {
						"vector": [0, 0, 0]
					}
				},
				"right_leg": {
					"rotation": {
						"0.0": {
							"vector": [0, 57.5, 0],
							"easing": "linear"
						},
						"0.625": {
							"vector": [0, 57.5, 0]
						},
						"0.875": {
							"vector": [0, 0, 0]
						}
					},
					"position": {
						"0.0": {
							"vector": [0, 0, 0]
						},
						"0.0833": {
							"vector": [0, 2, 0]
						},
						"0.625": {
							"vector": [0, 2, 0]
						},
						"0.875": {
							"vector": [0, 0, 0]
						}
					}
				},
				"left_leg": {
					"position": {
						"0.0": {
							"vector": [0, 0, 0]
						},
						"0.0833": {
							"vector": [0, 2, 0]
						},
						"0.625": {
							"vector": [0, 2, 0]
						},
						"0.875": {
							"vector": [0, 0, 0]
						}
					}
				}
			}
		}
	},
	"geckolib_format_version": 2
}