{
	"format_version": "1.8.0",
	"animations": {
		"sharp_neil": {
			"animation_length": 0.9804,
			"bones": {
				"right_arm": {
					"rotation": {
						"0.049": {
							"pre": [-170.50064, 46.53184, -45.98558],
							"post": [-170.50064, 46.53184, -45.98558],
							"lerp_mode": "catmullrom"
						},
						"0.1961": [-19.41, -1.93, -32.47],
						"0.2941": {
							"pre": [-144.62635, -35.76093, 114.41269],
							"post": [-144.62635, -35.76093, 114.41269],
							"lerp_mode": "catmullrom"
						},
						"0.5392": [-7.84332, -6.09002, 109.58925],
						"0.5882": {
							"pre": [-168.8174, 45.59822, -63.20878],
							"post": [-168.8174, 45.59822, -63.20878],
							"lerp_mode": "catmullrom"
						},
						"0.8824": [-16.60643, -3.46692, -57.79128]
					},
					"position": [0, 0, 0]
				},
				"body": {
					"rotation": {
						"0.049": [0, 26.5, 0],
						"0.1961": [0, -57.5, 0],
						"0.8333": [0, 0, 0]
					}
				},
				"head": {
					"rotation": {
						"0.049": [0, -42.5, 0],
						"0.1961": [0, 50, 0],
						"0.8333": [0, 0, 0]
					}
				},
				"left_arm": {
					"rotation": {
						"0.0": [-14.99432, -2.17291, -16.40032],
						"0.1961": [8.43883, 6.34369, -38.38841],
						"0.4412": [0, 0, 0]
					}
				},
				"rightItem": {
					"rotation": {
						"0.1961": [-55, 0, 0],
						"0.5392": [0, 0, 0],
						"0.5882": [0, 0, 0],
						"0.8824": [-95, 0, 0]
					},
					"position": {
						"0.1471": [0, 0, 0],
						"0.1961": [0, 0, 0],
						"0.5392": [0, 0, 0]
					}
				}
			}
		}
	},
	"geckolib_format_version": 2
}