{
	"format_version": "1.8.0",
	"animations": {
		"sharp_neil": {
			"animation_length": 0.989,
			"bones": {
				"right_arm": {
					"rotation": {
						"0.0": {
							"post": {
								"vector": [0, 0, 0]
							},
							"lerp_mode": "catmullrom"
						},
						"0.0833": {
							"post": {
								"vector": [-173.47709, 1.91421, -52.69094]
							},
							"lerp_mode": "catmullrom"
						},
						"0.125": {
							"post": {
								"vector": [-173.47709, 1.91421, -52.69094]
							},
							"lerp_mode": "catmullrom"
						},
						"0.2917": {
							"post": {
								"vector": [-33.28416, 1.04844, -45.23851]
							},
							"lerp_mode": "catmullrom"
						},
						"0.375": {
							"post": {
								"vector": [-33.28416, 1.04844, -45.23851]
							},
							"lerp_mode": "catmullrom"
						},
						"0.625": {
							"post": {
								"vector": [-175.98247, 5.48686, -90.10744]
							},
							"lerp_mode": "catmullrom"
						},
						"0.6667": {
							"vector": [-176.51479, 54.40253, -82.02169]
						},
						"0.9583": {
							"vector": [-16.60643, -3.46692, -57.79128]
						}
					},
					"position": {
						"vector": [0, 0, 0]
					}
				},
				"body": {
					"rotation": {
						"0.0": {
							"vector": [0, 0, 0]
						},
						"0.125": {
							"vector": [0, 26.5, 0]
						},
						"0.2917": {
							"vector": [0, -57.5, 0]
						},
						"0.9167": {
							"vector": [0, 0, 0]
						}
					},
					"position": {
						"0.0833": {
							"vector": [0, 0, 0]
						},
						"0.125": {
							"vector": [0, 6, 0]
						},
						"0.2917": {
							"vector": [0, 2, 0]
						},
						"0.375": {
							"vector": [0, 0, 0]
						}
					}
				},
				"head": {
					"rotation": {
						"0.0": {
							"vector": [0, 0, 0]
						},
						"0.125": {
							"vector": [0, -42.5, 0]
						},
						"0.2917": {
							"vector": [0, 50, 0]
						},
						"0.9167": {
							"vector": [0, 0, 0]
						}
					}
				},
				"left_arm": {
					"rotation": {
						"0.0": {
							"vector": [-14.99432, -2.17291, -16.40032]
						},
						"0.2083": {
							"vector": [8.43883, 6.34369, -38.38841]
						},
						"0.4583": {
							"vector": [0, 0, 0]
						}
					}
				},
				"rightItem": {
					"rotation": {
						"0.2917": {
							"vector": [-55, 0, 0]
						},
						"0.625": {
							"vector": [0, 0, 0]
						},
						"0.6667": {
							"vector": [0, 0, 0]
						},
						"0.9583": {
							"vector": [-95, 0, 0]
						}
					},
					"position": {
						"0.25": {
							"vector": [0, 0, 0]
						},
						"0.2917": {
							"vector": [0, 0, 0]
						},
						"0.625": {
							"vector": [0, 0, 0]
						}
					}
				}
			}
		}
	},
	"geckolib_format_version": 2
}