{
	"format_version": "1.8.0",
	"animations": {
		"spinning_spear": {
			"animation_length": 2,
			"bones": {
				"right_arm": {
					"rotation": {
						"0.0": [0, 0, 0],
						"0.0833": [-194.74967, 16.54745, -44.66554],
						"0.125": [-170.50064, 46.53184, -45.98558],
						"0.2083": [-93.7, 13.19, -53.86],
						"0.2917": [-93.7, 13.19, -53.86],
						"0.4583": [-93.7, 13.19, -53.86],
						"0.5833": [-182.47621, -54.48381, -8.73063]
					},
					"position": {
						"0.2083": [0, 0, 0],
						"0.2917": [-1.49125, -1.16665, -7.77271],
						"0.375": [0, 0, 0]
					}
				},
				"body": {
					"rotation": {
						"0.0": [0, 0, 0],
						"0.125": [0, 47.5, 0],
						"0.1667": [0, 47.5, 0],
						"0.2917": [0, -15.49, 0],
						"0.5417": [0, -15.49, 0],
						"0.5833": [0, 0, 0],
						"0.75": [0, 52.5, 0]
					}
				},
				"head": {
					"rotation": {
						"0.0": [0, 0, 0],
						"0.125": [0, -42.5, 0],
						"0.2917": [0, 17.5, 0],
						"0.5417": [0, 14.49916, 0],
						"0.5833": [0, 0, 0],
						"0.75": [0, -47.5, 0]
					}
				},
				"left_arm": {
					"rotation": {
						"0.0": [0, 0, 0],
						"0.125": [-30.31346, -9.29906, -33.42305],
						"0.3333": [15.78314, 9.49672, -8.41775],
						"0.7083": [0, 0, 0],
						"1.0417": [0, 0, -12.5],
						"1.5833": [0, 0, -12.5]
					},
					"position": [0, 0, 0]
				},
				"right_leg": {
					"position": {
						"0.2083": [0, 0, 0],
						"0.2917": [-0.26707, 0, -0.96368],
						"0.7083": [0, 0, 0],
						"1.75": [0, 0, 0]
					}
				},
				"left_leg": {
					"position": {
						"0.2083": [0, 0, 0],
						"0.2917": [0.26707, 0, 0.96368],
						"0.7083": [0, 0, 0],
						"1.75": [0, 0, 0]
					}
				},
				"rightItem": {
					"rotation": {
						"0.0": [0, 0, 0],
						"0.1667": [0, 0, 0],
						"0.2083": [-90, 0, 0],
						"0.4167": [-90, 0, 0],
						"0.5": [-90, 0, 0],
						"0.5833": {
							"pre": [0, 0, 0],
							"post": [0, 0, 0],
							"lerp_mode": "catmullrom"
						},
						"1.8333": [0, 0, -1800],
						"1.9583": {"pre": [0, 0, -1800], "post": [0, 0, 0]}
					},
					"position": {
						"0.0": [0, 0, 0],
						"0.1667": [0, 0, 0],
						"0.2083": [0, 3, -8],
						"0.2917": [0, -2, -8],
						"0.4167": [0, 3, -8],
						"0.5833": [0, 0, 0],
						"1.8333": [0, 0, 0],
						"1.9583": [0, 0, 0]
					}
				},
				"torso": {
					"rotation": [0, 0, 0],
					"position": [0, 0, 0]
				}
			}
		}
	},
	"geckolib_format_version": 2
}