{
	"format_version": "1.8.0",
	"animations": {
		"star_sword": {
			"animation_length": 1.5,
			"bones": {
				"body": {
					"rotation": {
						"0.0": [0, 0, 0],
						"0.125": [0, 37.5, 0],
						"0.2917": [0, -30, 0]
					},
					"position": {
						"0.0": [0, 0, 0],
						"0.125": [0, 0, 0],
						"0.2917": [0, 0, 0],
						"0.5833": [0, 0, 0],
						"0.7083": [0, 4, 0],
						"0.7917": [0, 0, 0],
						"1.125": [0, 0, 0],
						"1.25": [0, 4, 0]
					}
				},
				"head": {
					"rotation": {
						"0.0": [0, 0, 0],
						"0.125": [0, -12.5, 0],
						"0.3333": [0, 25, 0]
					}
				},
				"right_arm": {
					"rotation": {
						"0.0": {
							"post": [0, 0, 0],
							"lerp_mode": "catmullrom"
						},
						"0.125": {
							"post": [77.31336, 9.76061, 87.81442],
							"lerp_mode": "catmullrom"
						},
						"0.2917": {
							"post": [-110.31761, -8.56263, 93.18193],
							"lerp_mode": "catmullrom"
						},
						"0.4167": {
							"post": [-104.98749, -16.26307, 68.79835],
							"lerp_mode": "catmullrom"
						},
						"0.5833": {
							"post": [51.04854, 11.09748, 46.73599],
							"lerp_mode": "catmullrom"
						},
						"0.75": {
							"post": [-157.63435, 40.51285, -25.70477],
							"lerp_mode": "catmullrom"
						},
						"0.8333": {
							"post": [-9.89595, 16.95523, -35.38335],
							"lerp_mode": "catmullrom"
						},
						"0.9583": {
							"post": [-9.89595, 16.95523, -35.38335],
							"lerp_mode": "catmullrom"
						},
						"1.125": {
							"post": [-172.39595, 16.95523, -35.38335],
							"lerp_mode": "catmullrom"
						},
						"1.25": {
							"post": [-164.92314, 10.91607, -5.06586],
							"lerp_mode": "catmullrom"
						},
						"1.4167": {
							"post": [50.07686, 10.91607, -5.06586],
							"lerp_mode": "catmullrom"
						}
					},
					"position": {
						"0.0": [0, 0, 0],
						"0.125": [0, 0, 0],
						"0.2917": [0, 0, 0],
						"0.4167": [0, 0, 0]
					}
				},
				"rightItem": {
					"rotation": {
						"0.1667": [0, 0, 0],
						"0.25": [-90, 0, 0],
						"0.3333": [-90, 0, 0],
						"0.375": [0, 0, 0],
						"0.625": [0, 0, 0],
						"0.7083": [-82.5, 0, 0],
						"0.8333": [-82.5, 0, 0],
						"0.9167": [-82.5, 0, 0],
						"1.125": [0, 0, 0],
						"1.25": [0, 0, 0],
						"1.4167": [-92.5, 0, 0]
					},
					"position": {
						"0.1667": [0, 0, 0],
						"0.25": [0, 2, 3],
						"0.3333": [0, 2, 3],
						"0.375": [0, 0, 0],
						"0.75": [0, 0, 0]
					}
				},
				"left_arm": {
					"rotation": {
						"0.0": [0, 0, 0],
						"0.125": [-21.52311, -3.12816, -16.3506]
					}
				}
			}
		}
	},
	"geckolib_format_version": 2
}