{
	"format_version": "1.8.0",
	"animations": {
		"vertical_square": {
			"animation_length": 0.75,
			"bones": {
				"right_arm": {
					"rotation": {
						"0.0": {
							"vector": [-127.27676, 13.6905, 38.06958],
							"easing": "linear"
						},
						"0.0833": {
							"vector": [-110.24062, -3.19952, 90.65344]
						},
						"0.2083": {
							"vector": [49.75938, -3.19952, 90.65344]
						},
						"0.2917": {
							"vector": [41.50176, -30.54707, 117.82361]
						},
						"0.5417": {
							"vector": [-165.99824, -30.54707, 117.82361]
						}
					}
				},
				"body": {
					"rotation": {
						"0.0": {
							"vector": [0, -76.17, 0],
							"easing": "linear"
						},
						"0.0833": {
							"vector": [0, -98.67, 0]
						},
						"0.2083": {
							"vector": [0, -51.17, 0]
						}
					}
				},
				"head": {
					"rotation": {
						"0.0": {
							"vector": [0, 75.59, 0],
							"easing": "linear"
						},
						"0.2083": {
							"vector": [0, 55.59, 0]
						}
					}
				},
				"left_arm": {
					"rotation": {
						"0.0": {
							"vector": [10.5096, 0.84918, -6.2788],
							"easing": "linear"
						},
						"0.1667": {
							"vector": [9.46933, 4.62717, -27.51009]
						},
						"0.3333": {
							"vector": [10.5096, 0.84918, -6.2788],
							"easing": "linear"
						},
						"0.4583": {
							"vector": [9.46933, 4.62717, -27.51009]
						},
						"0.5417": {
							"vector": [10.39703, 1.75312, -11.19877]
						}
					}
				},
				"right_leg": {
					"rotation": {
						"vector": [-6.60885, 0.9376, 16.13211],
						"easing": "linear"
					}
				},
				"left_leg": {
					"rotation": {
						"vector": [9.31242, 1.89828, -22.99574],
						"easing": "linear"
					}
				},
				"rightItem": {
					"rotation": {
						"vector": [-100, 0, 0]
					}
				}
			}
		}
	},
	"geckolib_format_version": 2
}